{
  "version": 1,
  "author": "Saravanan J",
  "editor": "wokwi",
  "parts": [
    { "type": "wokwi-arduino-uno", "id": "uno", "top": 96.6, "left": -77.4, "attrs": {} },
    { "type": "wokwi-potentiometer", "id": "pot1", "top": -39.7, "left": -48.2, "attrs": {} },
    {
      "type": "wokwi-buzzer",
      "id": "bz1",
      "top": 156,
      "left": 222.6,
      "attrs": { "volume": "0.1" }
    },
    { "type": "wokwi-led", "id": "led1", "top": 25.2, "left": 51.8, "attrs": { "color": "red" } }
  ],
  "connections": [
    [ "pot1:VCC", "uno:5V", "red", [ "v48", "h-96.8", "v240", "h172.8" ] ],
    [ "pot1:GND", "uno:GND.1", "black", [ "v57.6", "h57.6" ] ],
    [ "pot1:SIG", "uno:A0", "green", [ "v38.4", "h-0.4", "v134.4", "h124.8" ] ],
    [ "bz1:2", "uno:2", "green", [ "v9.6", "h47.6", "v-192", "h-153.6" ] ],
    [ "bz1:1", "uno:GND.2", "green", [ "v86.4", "h-153.6" ] ],
    [ "led1:A", "uno:13", "green", [ "v19.2", "h-28.8" ] ],
    [ "led1:C", "uno:GND.3", "green", [ "v-9.6", "h-182", "v297.6", "h220.8" ] ]
  ],
  "dependencies": {}
}